Participant,Expert,Snippet,Linearity,HasError,Scrambled,HitsLine,HitsBlocks,HitsAnswer,VerticalNext,VerticalLater,Regression,HorizontalLater,LineRegression,SaccadeLength,StoryOrder_Naive_Score,StoryOrder_Dynamic_Score,StoryOrder_Dynamic_Repetitions,ExecOrder_Naive_Score,ExecOrder_Dynamic_Score,ExecOrder_Dynamic_Repetitions
0fed8025,False,Calculation,B,False,False,0.5964912280701754,0.7894736842105263,0.0,0.17647058823529413,0.2647058823529412,0.20588235294117646,0.20588235294117646,0.29411764705882354,40.587456154837184,-13,-13,1,-20,-16,2
49b9b7d0,False,Calculation,B,False,False,0.774468085106383,0.8297872340425532,0.0425531914893617,0.14835164835164835,0.26373626373626374,0.2692307692307692,0.25274725274725274,0.2087912087912088,114.68851981452082,-161,-88,7,-155,-87,6
4b43c5df,False,Calculation,B,False,False,0.7366412213740458,0.916030534351145,0.019083969465648856,0.17098445595854922,0.3160621761658031,0.27461139896373055,0.19689119170984457,0.20725388601036268,68.31263299355929,-185,-84,7,-185,-104,7
6fdcd858,False,Calculation,B,False,False,0.6509803921568628,0.9019607843137255,0.047058823529411764,0.10240963855421686,0.19879518072289157,0.21084337349397592,0.30120481927710846,0.28313253012048195,109.41014435608756,-110,-69,4,-103,-74,4
7a9c6069,False,Calculation,B,False,False,0.8037974683544303,0.8164556962025317,0.0379746835443038,0.1889763779527559,0.28346456692913385,0.28346456692913385,0.2677165354330709,0.15748031496062992,85.29724076522604,-111,-70,5,-111,-82,5
9cf666e2,False,Calculation,B,False,False,0.8074074074074075,0.9037037037037037,0.022222222222222223,0.1559633027522936,0.27522935779816515,0.27522935779816515,0.25688073394495414,0.1834862385321101,118.47778096202252,-75,-56,3,-87,-65,4
a6710f7d,False,Calculation,B,False,False,0.8114285714285714,0.9257142857142857,0.04,0.11971830985915492,0.2605633802816901,0.2535211267605634,0.22535211267605634,0.2535211267605634,74.08054280053285,-119,-66,4,-113,-69,4
c28e1675,False,Calculation,B,False,False,0.7851662404092071,0.8388746803069054,0.04092071611253197,0.1986970684039088,0.2768729641693811,0.2736156351791531,0.24429967426710097,0.20195439739413681,88.92553456467691,-293,-166,10,-299,-177,12
0fed8025,False,CheckIfLettersOnly,B,False,False,0.5609756097560976,0.9207317073170732,0.0,0.18478260869565216,0.32608695652173914,0.25,0.20652173913043478,0.20652173913043478,48.36652070381701,-58,-40,2,-65,-65,1
4b43c5df,False,CheckIfLettersOnly,B,False,False,0.828,0.948,0.02,0.17391304347826086,0.3864734299516908,0.3333333333333333,0.18840579710144928,0.08695652173913043,74.79734337025985,-236,-146,6,-153,-125,2
6fdcd858,False,CheckIfLettersOnly,B,False,False,0.6194690265486725,0.9336283185840708,0.01327433628318584,0.17857142857142858,0.32142857142857145,0.2857142857142857,0.22857142857142856,0.15714285714285714,83.45753547778772,-117,-103,3,-99,-99,1
a6710f7d,False,CheckIfLettersOnly,B,False,False,0.7230769230769231,0.9769230769230769,0.0,0.1702127659574468,0.26595744680851063,0.23404255319148937,0.23404255319148937,0.2553191489361702,17.877237860619857,-47,-47,1,-46,-46,1
b9872ee6,False,CheckIfLettersOnly,B,False,False,0.6888888888888889,0.9,0.011111111111111112,0.22580645161290322,0.3225806451612903,0.27419354838709675,0.25806451612903225,0.12903225806451613,52.42033564093349,-39,-37,2,-110,-110,1
e77600cd,False,CheckIfLettersOnly,B,False,False,0.6878980891719745,0.7898089171974523,0.03821656050955414,0.14814814814814814,0.25,0.23148148148148148,0.24074074074074073,0.26851851851851855,126.18558360497583,-74,-74,1,-44,-44,1
fb8288ed,False,CheckIfLettersOnly,B,False,False,0.632183908045977,0.7394636015325671,0.06896551724137931,0.19393939393939394,0.2909090909090909,0.28484848484848485,0.19393939393939394,0.22424242424242424,146.1600780387205,-135,-113,2,-90,-90,1
0fed8025,False,InsertSort,C,False,False,0.695364238410596,0.9403973509933775,0.006622516556291391,0.1619047619047619,0.29523809523809524,0.2,0.2571428571428571,0.23809523809523808,31.729419422886462,-55,-55,1,-84,-84,1
4b43c5df,False,InsertSort,C,False,False,0.8534031413612565,0.93717277486911,0.015706806282722512,0.15030674846625766,0.3312883435582822,0.294478527607362,0.24539877300613497,0.12576687116564417,72.59735273078437,-340,-231,4,-264,-248,2
6fdcd858,False,InsertSort,C,False,False,0.8086785009861933,0.893491124260355,0.03353057199211045,0.12195121951219512,0.3170731707317073,0.3048780487804878,0.23170731707317074,0.14390243902439023,92.19639686039896,-418,-318,5,-352,-303,2
7a9c6069,False,InsertSort,C,False,False,0.8282828282828283,0.8222222222222222,0.03838383838383838,0.14878048780487804,0.2951219512195122,0.2780487804878049,0.23658536585365852,0.1878048780487805,84.75853075496488,-396,-311,7,-309,-309,1
a6710f7d,False,InsertSort,C,False,False,0.7983651226158038,0.8528610354223434,0.051771117166212535,0.1945392491467577,0.32764505119453924,0.31399317406143346,0.1945392491467577,0.16040955631399317,103.30998903912213,-308,-285,5,-241,-222,2
b9872ee6,False,InsertSort,C,False,False,0.631578947368421,0.9172932330827067,0.022556390977443608,0.15476190476190477,0.30952380952380953,0.34523809523809523,0.20238095238095238,0.13095238095238096,69.1049235427575,-76,-76,1,-102,-102,1
c28e1675,False,InsertSort,C,False,False,0.7487437185929648,0.7663316582914573,0.06030150753768844,0.15436241610738255,0.3087248322147651,0.3187919463087248,0.22483221476510068,0.14429530201342283,87.75228186104484,-288,-243,4,-232,-232,1
e77600cd,False,InsertSort,C,False,False,0.7554347826086957,0.75,0.021739130434782608,0.1366906474820144,0.2446043165467626,0.20863309352517986,0.2589928057553957,0.2805755395683453,120.65332480446004,-70,-70,1,-92,-92,1
fb8288ed,False,InsertSort,C,False,False,0.6865671641791045,0.728629579375848,0.07055630936227951,0.16600790513833993,0.2885375494071146,0.30237154150197626,0.22529644268774704,0.18181818181818182,117.24205926796814,-516,-398,6,-435,-354,3
4b43c5df,False,MoneyClass,A,False,False,0.6956521739130435,0.7608695652173914,0.07971014492753623,0.1875,0.2916666666666667,0.28125,0.25,0.16666666666666666,104.68437936916595,-90,-22,8,-90,-22,8
6fdcd858,False,MoneyClass,A,False,False,0.648936170212766,0.7446808510638298,0.10638297872340426,0.16393442622950818,0.2459016393442623,0.2459016393442623,0.22950819672131148,0.26229508196721313,110.92069135615064,-40,-9,4,-40,-9,4
7a9c6069,False,MoneyClass,A,False,False,0.7802197802197802,0.7692307692307693,0.08791208791208792,0.2112676056338028,0.2535211267605634,0.18309859154929578,0.2676056338028169,0.28169014084507044,98.93310032235074,-36,-7,5,-36,-7,5
a6710f7d,False,MoneyClass,A,False,False,0.3333333333333333,0.3333333333333333,0.16666666666666666,0.0,0.0,0.0,0.5,0.0,19.86790746233456,-11,-11,1,-11,-11,1
b9872ee6,False,MoneyClass,A,False,False,0.543859649122807,0.7192982456140351,0.07017543859649122,0.2903225806451613,0.3548387096774194,0.25806451612903225,0.1935483870967742,0.16129032258064516,71.66926870416613,-12,-6,2,-12,-6,2
e77600cd,False,MoneyClass,A,False,False,0.6521739130434783,0.6304347826086957,0.07246376811594203,0.18888888888888888,0.3111111111111111,0.34444444444444444,0.2111111111111111,0.12222222222222222,207.26030519718492,-92,-17,7,-92,-17,7
fb8288ed,False,MoneyClass,A,False,False,0.5700934579439252,0.5327102803738317,0.11214953271028037,0.2459016393442623,0.29508196721311475,0.2459016393442623,0.2459016393442623,0.19672131147540983,171.53551188780415,-40,3,4,-40,3,4
0fed8025,False,Rectangle,E,False,False,0.4728682170542636,0.7596899224806202,0.023255813953488372,0.11475409836065574,0.36065573770491804,0.2786885245901639,0.16393442622950818,0.18032786885245902,97.01961986280324,-57,-57,1,-84,-84,1
44fcc483,False,Rectangle,E,False,False,0.7129629629629629,0.7530864197530864,0.15432098765432098,0.1645021645021645,0.2683982683982684,0.2077922077922078,0.329004329004329,0.19047619047619047,101.97318725072647,-159,-131,2,-178,-178,1
49b9b7d0,False,Rectangle,E,False,False,0.6901960784313725,0.7686274509803922,0.11764705882352941,0.11931818181818182,0.29545454545454547,0.23863636363636365,0.24431818181818182,0.2159090909090909,106.9708316410379,-118,-110,2,-133,-133,1
7a9c6069,False,Rectangle,E,False,False,0.6586826347305389,0.7365269461077845,0.07784431137724551,0.13636363636363635,0.34545454545454546,0.33636363636363636,0.14545454545454545,0.16363636363636364,92.28766840283971,-104,-104,1,-110,-110,1
9cf666e2,False,Rectangle,E,False,False,0.5798611111111112,0.6770833333333334,0.08680555555555555,0.17964071856287425,0.30538922155688625,0.23952095808383234,0.25149700598802394,0.19760479041916168,154.52157663146485,-120,-81,2,-120,-120,1
a6710f7d,False,Rectangle,E,False,False,0.5714285714285714,0.8246753246753247,0.05194805194805195,0.056818181818181816,0.3409090909090909,0.29545454545454547,0.22727272727272727,0.125,79.20885662005514,-72,-72,1,-76,-76,1
c28e1675,False,Rectangle,E,False,False,0.571072319201995,0.6384039900249376,0.19201995012468828,0.1572052401746725,0.314410480349345,0.2838427947598253,0.2183406113537118,0.17903930131004367,147.4943372866003,-208,-180,3,-198,-195,2
e77600cd,False,Rectangle,E,False,False,0.5502008032128514,0.5662650602409639,0.06827309236947791,0.1386861313868613,0.3284671532846715,0.32116788321167883,0.19708029197080293,0.145985401459854,178.25736611408524,-144,-129,3,-122,-122,1
fb8288ed,False,Rectangle,E,False,False,0.5721153846153846,0.6442307692307693,0.0625,0.11764705882352941,0.31092436974789917,0.3025210084033613,0.18487394957983194,0.19327731092436976,136.3765427124035,-105,-96,2,-110,-110,1
0fed8025,False,SignChecker,D,False,False,0.6987179487179487,0.8717948717948718,0.00641025641025641,0.13761467889908258,0.3302752293577982,0.3119266055045872,0.13761467889908258,0.21100917431192662,33.89068305663277,-106,-76,3,-96,-96,1
6fdcd858,False,SignChecker,D,False,False,0.672566371681416,0.7817109144542773,0.08259587020648967,0.18421052631578946,0.30701754385964913,0.2894736842105263,0.20614035087719298,0.19298245614035087,84.54836248104809,-183,-162,3,-193,-178,2
7a9c6069,False,SignChecker,D,False,False,0.7464788732394366,0.7746478873239436,0.04929577464788732,0.11320754716981132,0.32075471698113206,0.32075471698113206,0.1792452830188679,0.16981132075471697,116.85138511190624,-90,-73,2,-81,-81,1
a6710f7d,False,SignChecker,D,False,False,0.834319526627219,0.8994082840236687,0.03550295857988166,0.1347517730496454,0.36879432624113473,0.3120567375886525,0.1276595744680851,0.18439716312056736,82.41122687046948,-128,-103,2,-130,-130,1
b9872ee6,False,SignChecker,D,False,False,0.7716535433070866,0.8818897637795275,0.06299212598425197,0.15306122448979592,0.2755102040816326,0.24489795918367346,0.2653061224489796,0.20408163265306123,76.54281855050654,-49,-49,1,-68,-68,1
c28e1675,False,SignChecker,D,False,False,0.6597938144329897,0.6597938144329897,0.12628865979381443,0.15625,0.2578125,0.23828125,0.2890625,0.2109375,77.69868973274359,-165,-136,3,-186,-164,2
e77600cd,False,SignChecker,D,False,False,0.7151515151515152,0.703030303030303,0.012121212121212121,0.09322033898305085,0.2542372881355932,0.2627118644067797,0.288135593220339,0.1864406779661017,101.70714648430403,-54,-54,1,-72,-72,1
fb8288ed,False,SignChecker,D,False,False,0.6926605504587156,0.7018348623853211,0.0871559633027523,0.16556291390728478,0.31125827814569534,0.33112582781456956,0.2185430463576159,0.13245033112582782,129.1298186994207,-119,-74,3,-122,-119,2
44fcc483,False,Street,E,False,False,0.819047619047619,0.8380952380952381,0.047619047619047616,0.11627906976744186,0.22093023255813954,0.1744186046511628,0.3372093023255814,0.2558139534883721,60.96032965020424,-22,-20,2,-46,-46,1
4b43c5df,False,Street,E,False,False,0.6494845360824743,0.7216494845360825,0.10309278350515463,0.1746031746031746,0.3333333333333333,0.2857142857142857,0.1746031746031746,0.19047619047619047,102.50446134619087,-48,-42,2,-50,-50,1
7a9c6069,False,Street,E,False,False,0.5625,0.6145833333333334,0.03125,0.12962962962962962,0.35185185185185186,0.3333333333333333,0.14814814814814814,0.14814814814814814,67.30589219642737,-51,-51,1,-46,-46,1
9cf666e2,False,Street,E,False,False,0.7424242424242424,0.7727272727272727,0.07575757575757576,0.16326530612244897,0.2653061224489796,0.20408163265306123,0.2857142857142857,0.22448979591836735,55.11769054715852,4,4,1,-24,-24,1
b9872ee6,False,Street,E,False,False,0.56,0.8,0.02,0.21428571428571427,0.2857142857142857,0.32142857142857145,0.2857142857142857,0.07142857142857142,99.05204989031681,-31,-31,1,-25,-25,1
0fed8025,False,Student,D,False,False,0.47191011235955055,0.6404494382022472,0.056179775280898875,0.09523809523809523,0.38095238095238093,0.3333333333333333,0.09523809523809523,0.16666666666666666,117.13507691562103,-24,-24,1,-37,-37,1
44fcc483,False,Student,D,False,False,0.8108108108108109,0.8243243243243243,0.05405405405405406,0.18333333333333332,0.3333333333333333,0.16666666666666666,0.3333333333333333,0.15,145.70825239112548,-5,-5,1,-18,-18,1
49b9b7d0,False,Student,D,False,False,0.7272727272727273,0.7272727272727273,0.125,0.140625,0.359375,0.28125,0.203125,0.140625,133.43729984827314,-35,-27,2,-43,-43,1
4b43c5df,False,Student,D,False,False,0.803030303030303,0.803030303030303,0.045454545454545456,0.22641509433962265,0.41509433962264153,0.2830188679245283,0.18867924528301888,0.09433962264150944,109.78996296229397,-35,-30,2,-35,-35,1
6fdcd858,False,Student,D,False,False,0.4700854700854701,0.7008547008547008,0.07692307692307693,0.14545454545454545,0.36363636363636365,0.34545454545454546,0.12727272727272726,0.14545454545454545,108.26722811339803,-28,-28,1,-35,-35,1
b9872ee6,False,Student,D,False,False,0.532258064516129,0.7419354838709677,0.0967741935483871,0.15151515151515152,0.2727272727272727,0.21212121212121213,0.24242424242424243,0.24242424242424243,104.3666860279076,-12,-12,1,-6,-6,1
c28e1675,False,Student,D,False,False,0.776536312849162,0.8156424581005587,0.05027932960893855,0.16546762589928057,0.33093525179856115,0.2446043165467626,0.2589928057553957,0.15827338129496402,74.56117579256154,-97,-24,4,-109,-81,3
e77600cd,False,Student,D,False,False,0.5783132530120482,0.5542168674698795,0.024096385542168676,0.25,0.3541666666666667,0.1875,0.3125,0.125,151.06938964087743,-26,-26,1,-31,-31,1
fb8288ed,False,Student,D,False,False,0.5045871559633027,0.5321100917431193,0.05504587155963303,0.16363636363636364,0.36363636363636365,0.2727272727272727,0.2,0.14545454545454545,107.61406477404726,-34,-34,1,-45,-45,1
6fdcd858,False,SumArray,A,False,False,0.5423728813559322,0.864406779661017,0.07627118644067797,0.140625,0.21875,0.21875,0.328125,0.21875,90.18827655299663,-32,-22,2,-13,-5,2
7a9c6069,False,SumArray,A,False,False,0.46226415094339623,0.6698113207547169,0.1509433962264151,0.10204081632653061,0.24489795918367346,0.3673469387755102,0.16326530612244897,0.20408163265306123,101.01221028833969,-37,-30,2,-41,-41,1
b9872ee6,False,SumArray,A,False,False,0.41818181818181815,0.8,0.07272727272727272,0.13043478260869565,0.30434782608695654,0.30434782608695654,0.17391304347826086,0.17391304347826086,90.15643250747317,-12,-9,2,-10,-10,1
c28e1675,False,SumArray,A,False,False,0.6976744186046512,0.813953488372093,0.09302325581395349,0.15555555555555556,0.2777777777777778,0.26666666666666666,0.25555555555555554,0.18888888888888888,77.88235270839652,-68,-32,4,-35,-4,3
e77600cd,False,SumArray,A,False,False,0.425,0.6875,0.05,0.08823529411764706,0.23529411764705882,0.35294117647058826,0.23529411764705882,0.14705882352941177,120.23329863371855,-28,-26,2,-33,-33,1
0fed8025,False,Vehicle,C,False,False,0.6292834890965732,0.8785046728971962,0.0,0.15346534653465346,0.29207920792079206,0.25742574257425743,0.2524752475247525,0.19306930693069307,57.23262269993382,-158,-102,3,-171,-140,3
44fcc483,False,Vehicle,C,False,False,0.8452830188679246,0.9169811320754717,0.018867924528301886,0.14732142857142858,0.23214285714285715,0.17857142857142858,0.35714285714285715,0.22767857142857142,87.46809262745612,-102,-66,2,-132,-112,2
49b9b7d0,False,Vehicle,C,False,False,0.8009049773755657,0.8235294117647058,0.03619909502262444,0.1977401129943503,0.327683615819209,0.2598870056497175,0.23163841807909605,0.1751412429378531,99.3685129064916,-125,-99,3,-154,-125,2
4b43c5df,False,Vehicle,C,False,False,0.7472527472527473,0.8241758241758241,0.038461538461538464,0.18382352941176472,0.36764705882352944,0.22794117647058823,0.27941176470588236,0.11764705882352941,92.19504061234025,-99,-43,3,-97,-76,3
9cf666e2,False,Vehicle,C,False,False,0.7688679245283019,0.8726415094339622,0.014150943396226415,0.12883435582822086,0.3006134969325153,0.22085889570552147,0.31901840490797545,0.15337423312883436,93.35382217074574,-94,-72,2,-104,-86,2
c28e1675,False,Vehicle,C,False,False,0.781021897810219,0.8795620437956204,0.025547445255474453,0.1542056074766355,0.2803738317757009,0.26635514018691586,0.2850467289719626,0.16355140186915887,75.91446625799357,-157,-118,3,-186,-157,3
fb8288ed,False,Vehicle,C,False,False,0.6791744840525328,0.7879924953095685,0.0450281425891182,0.13812154696132597,0.27900552486187846,0.287292817679558,0.2154696132596685,0.2154696132596685,118.28111661976443,-334,-239,5,-344,-264,6
44fcc483,False,Calculation,B,False,True,0.823943661971831,0.9084507042253521,0.03169014084507042,0.19658119658119658,0.31196581196581197,0.2905982905982906,0.2264957264957265,0.16666666666666666,82.92204225913669,-243,-128,10,-243,-136,10
b9872ee6,False,Calculation,B,False,True,0.6782608695652174,0.8956521739130435,0.034782608695652174,0.0641025641025641,0.2564102564102564,0.3333333333333333,0.20512820512820512,0.19230769230769232,85.47593301897757,-71,-53,4,-77,-58,4
e77600cd,False,Calculation,B,False,True,0.7414965986394558,0.673469387755102,0.034013605442176874,0.12844036697247707,0.26605504587155965,0.25688073394495414,0.22935779816513763,0.23853211009174313,125.87632305256928,-87,-60,5,-91,-65,4
fb8288ed,False,Calculation,B,False,True,0.6642335766423357,0.6970802919708029,0.021897810218978103,0.13736263736263737,0.24725274725274726,0.26373626373626374,0.2032967032967033,0.2802197802197802,84.89877874261143,-153,-89,6,-154,-95,6
7a9c6069,False,CheckIfLettersOnly,B,False,True,0.7120418848167539,0.7958115183246073,0.06282722513089005,0.22058823529411764,0.39705882352941174,0.27941176470588236,0.18382352941176472,0.1323529411764706,69.29268887390593,-116,-31,4,-82,-82,1
c28e1675,False,CheckIfLettersOnly,B,False,True,0.7005813953488372,0.7151162790697675,0.125,0.13278008298755187,0.3278008298755187,0.36929460580912865,0.1991701244813278,0.0995850622406639,86.54759479711282,-262,-156,6,-175,-167,2
0fed8025,False,MoneyClass,A,False,True,0.6274509803921569,0.7450980392156863,0.0,0.1875,0.3125,0.3125,0.21875,0.125,87.83624203663506,-28,-11,3,-28,-11,3
44fcc483,False,MoneyClass,A,False,True,0.746031746031746,0.7698412698412699,0.0873015873015873,0.24468085106382978,0.30851063829787234,0.26595744680851063,0.23404255319148937,0.18085106382978725,111.08194072471188,-82,5,7,-82,5,7
49b9b7d0,False,MoneyClass,A,False,True,0.8333333333333334,0.8589743589743589,0.10256410256410256,0.23076923076923078,0.3153846153846154,0.27692307692307694,0.16923076923076924,0.23076923076923078,95.91261305804044,-128,-40,10,-128,-40,10
9cf666e2,False,MoneyClass,A,False,True,0.7387387387387387,0.7387387387387387,0.036036036036036036,0.17073170731707318,0.21951219512195122,0.24390243902439024,0.35365853658536583,0.17073170731707318,133.9772511507264,-50,-15,5,-50,-15,5
c28e1675,False,MoneyClass,A,False,True,0.7741935483870968,0.7701612903225806,0.12096774193548387,0.20833333333333334,0.2760416666666667,0.28125,0.234375,0.203125,97.73299692509161,-188,-39,13,-188,-39,13
4b43c5df,False,Rectangle,E,False,True,0.6280193236714976,0.7342995169082126,0.11594202898550725,0.13076923076923078,0.33076923076923076,0.2692307692307692,0.2230769230769231,0.16923076923076924,111.7167450351212,-87,-66,2,-91,-91,1
6fdcd858,False,Rectangle,E,False,True,0.5671140939597316,0.7785234899328859,0.053691275167785234,0.08284023668639054,0.28994082840236685,0.3136094674556213,0.1952662721893491,0.1952662721893491,83.50132615543195,-164,-160,2,-168,-162,2
b9872ee6,False,Rectangle,E,False,True,0.5083798882681564,0.8324022346368715,0.0335195530726257,0.16483516483516483,0.32967032967032966,0.31868131868131866,0.1978021978021978,0.14285714285714285,87.08637427047177,-84,-77,2,-95,-95,1
44fcc483,False,SignChecker,D,True,True,0.848297213622291,0.8823529411764706,0.030959752321981424,0.13503649635036497,0.30656934306569344,0.26277372262773724,0.27007299270072993,0.15693430656934307,90.07900487943938,-230,-142,4,-238,-188,3
49b9b7d0,False,SignChecker,D,True,True,0.7544378698224852,0.7514792899408284,0.10946745562130178,0.12156862745098039,0.26666666666666666,0.29411764705882354,0.22745098039215686,0.20784313725490197,116.37251167042255,-221,-180,4,-206,-189,2
4b43c5df,False,SignChecker,D,True,True,0.7359550561797753,0.7640449438202247,0.07865168539325842,0.1984732824427481,0.3511450381679389,0.2824427480916031,0.183206106870229,0.17557251908396945,93.7031352710158,-85,-65,3,-105,-103,2
9cf666e2,False,SignChecker,D,True,True,0.7929155313351499,0.8474114441416893,0.0326975476839237,0.18213058419243985,0.3539518900343643,0.3230240549828179,0.17525773195876287,0.14432989690721648,110.87222643743473,-325,-244,5,-327,-289,4
0fed8025,False,Street,E,True,True,0.3952380952380952,0.6619047619047619,0.04285714285714286,0.13253012048192772,0.3614457831325301,0.27710843373493976,0.08433734939759036,0.26506024096385544,84.41671743180599,-61,-36,3,-65,-52,2
49b9b7d0,False,Street,E,True,True,0.8120805369127517,0.8389261744966443,0.040268456375838924,0.1487603305785124,0.2809917355371901,0.2396694214876033,0.2644628099173554,0.2066115702479339,104.94217158677372,-91,-83,3,-85,-64,3
6fdcd858,False,Street,E,True,True,0.4942528735632184,0.7514367816091954,0.02586206896551724,0.13953488372093023,0.33430232558139533,0.35174418604651164,0.19767441860465115,0.11337209302325581,70.2861725573765,-401,-202,11,-413,-249,10
c28e1675,False,Street,E,True,True,0.6811320754716981,0.6962264150943396,0.06792452830188679,0.12188365650969529,0.29362880886426596,0.27977839335180055,0.23268698060941828,0.19113573407202217,74.37017669776311,-355,-182,11,-349,-235,9
e77600cd,False,Street,E,True,True,0.5364372469635628,0.5546558704453441,0.05263157894736842,0.09811320754716982,0.32452830188679244,0.33584905660377357,0.1811320754716981,0.15471698113207547,134.7629100738153,-303,-210,7,-303,-220,7
fb8288ed,False,Street,E,True,True,0.5811965811965812,0.6495726495726496,0.042735042735042736,0.1264705882352941,0.28823529411764703,0.34705882352941175,0.16470588235294117,0.19705882352941176,92.15286793474755,-374,-223,8,-379,-272,10
7a9c6069,False,Student,D,False,True,0.6882352941176471,0.6529411764705882,0.029411764705882353,0.10256410256410256,0.3504273504273504,0.3162393162393162,0.20512820512820512,0.11965811965811966,92.15090839191444,-123,-89,4,-111,-95,2
9cf666e2,False,Student,D,False,True,0.6861702127659575,0.7978723404255319,0.03723404255319149,0.14728682170542637,0.34108527131782945,0.26356589147286824,0.20155038759689922,0.18604651162790697,101.45188913984431,-102,-65,4,-105,-87,3
a6710f7d,False,Student,D,False,True,0.7,0.8,0.04285714285714286,0.16326530612244897,0.3469387755102041,0.3469387755102041,0.12244897959183673,0.16326530612244897,100.74178232436515,-35,-35,1,-49,-37,2
4b43c5df,False,SumArray,A,False,True,0.5408163265306123,0.8061224489795918,0.061224489795918366,0.20754716981132076,0.3584905660377358,0.3584905660377358,0.18867924528301888,0.07547169811320754,77.29739318135249,-52,-24,3,-30,-16,2
fb8288ed,False,SumArray,A,False,True,0.49193548387096775,0.7903225806451613,0.024193548387096774,0.13114754098360656,0.2459016393442623,0.32786885245901637,0.18032786885245902,0.22950819672131148,98.63416129077068,-40,-31,3,-6,-2,2
6fdcd858,False,Vehicle,C,False,True,0.5339506172839507,0.8611111111111112,0.046296296296296294,0.15028901734104047,0.36416184971098264,0.37572254335260113,0.1676300578034682,0.08670520231213873,94.10156652903517,-173,-146,3,-178,-157,3
7a9c6069,False,Vehicle,C,False,True,0.684887459807074,0.842443729903537,0.01929260450160772,0.12206572769953052,0.3333333333333333,0.3615023474178404,0.13145539906103287,0.16901408450704225,89.79522777483689,-237,-186,5,-236,-194,4
a6710f7d,False,Vehicle,C,False,True,0.8394160583941606,0.8832116788321168,0.0364963503649635,0.14782608695652175,0.3826086956521739,0.3130434782608696,0.17391304347826086,0.12173913043478261,117.98258221599295,-107,-83,3,-103,-81,3
b9872ee6,False,Vehicle,C,False,True,0.6496062992125984,0.8858267716535433,0.015748031496062992,0.09090909090909091,0.2787878787878788,0.36363636363636365,0.21212121212121213,0.1393939393939394,81.88730085034011,-135,-120,4,-153,-128,3
e77600cd,False,Vehicle,C,False,True,0.7011070110701108,0.7601476014760148,0.01845018450184502,0.1368421052631579,0.30526315789473685,0.29473684210526313,0.22631578947368422,0.16842105263157894,131.5831657836442,-172,-150,3,-174,-155,3
03865400,True,Calculation,B,False,False,0.5283018867924528,0.5141509433962265,0.02830188679245283,0.08928571428571429,0.22321428571428573,0.23214285714285715,0.2857142857142857,0.25,88.66601268589504,-75,-60,3,-72,-65,3
07d16e43,True,Calculation,B,False,False,0.7857142857142857,0.8214285714285714,0.05952380952380952,0.18181818181818182,0.2727272727272727,0.2803030303030303,0.25757575757575757,0.18181818181818182,95.62089405557293,-114,-68,5,-114,-79,5
128d315e,True,Calculation,B,False,False,0.8595744680851064,0.8553191489361702,0.03829787234042553,0.19306930693069307,0.297029702970297,0.2623762376237624,0.2524752475247525,0.18316831683168316,70.16184645932364,-187,-113,7,-193,-118,6
1f8beed4,True,Calculation,B,False,False,0.7222222222222222,0.8148148148148148,0.037037037037037035,0.23076923076923078,0.3333333333333333,0.28205128205128205,0.23076923076923078,0.1282051282051282,165.64375073609702,-27,-24,2,-28,-28,1
24aed847,True,Calculation,B,False,False,0.71,0.67,0.07,0.14084507042253522,0.28169014084507044,0.2535211267605634,0.22535211267605634,0.22535211267605634,102.67049648673637,-49,-45,2,-49,-35,3
5f111f97,True,Calculation,B,False,False,0.725,0.8083333333333333,0.041666666666666664,0.1724137931034483,0.27586206896551724,0.25287356321839083,0.28735632183908044,0.1724137931034483,79.08411031961091,-72,-40,3,-65,-49,3
8b56a1da,True,Calculation,B,False,False,0.7616822429906542,0.7990654205607477,0.004672897196261682,0.2085889570552147,0.3312883435582822,0.32515337423312884,0.12883435582822086,0.2085889570552147,67.18732756879623,-187,-131,7,-187,-134,6
9a12d88f,True,Calculation,B,False,False,0.5419354838709678,0.5161290322580645,0.012903225806451613,0.20238095238095238,0.32142857142857145,0.30952380952380953,0.19047619047619047,0.16666666666666666,137.85278563095554,-91,-77,3,-85,-80,2
b1146e7b,True,Calculation,B,False,False,0.6210526315789474,0.6526315789473685,0.06315789473684211,0.15254237288135594,0.2711864406779661,0.23728813559322035,0.2542372881355932,0.22033898305084745,96.26658919717472,-33,-27,2,-27,-21,2
b8d2109c,True,Calculation,B,False,False,0.8,0.8620689655172413,0.020689655172413793,0.15517241379310345,0.25862068965517243,0.25,0.25862068965517243,0.22413793103448276,92.85586582717133,-95,-69,4,-85,-65,3
baaa7f91,True,Calculation,B,False,False,0.7297297297297297,0.7927927927927928,0.08108108108108109,0.19753086419753085,0.3333333333333333,0.2222222222222222,0.2345679012345679,0.19753086419753085,90.5407857576643,-70,-39,4,-69,-47,4
cf071081,True,Calculation,B,False,False,0.7166666666666667,0.7583333333333333,0.041666666666666664,0.1744186046511628,0.27906976744186046,0.2558139534883721,0.27906976744186046,0.1744186046511628,99.74310150111532,-67,-54,3,-65,-51,3
d4aecdc3,True,Calculation,B,False,False,0.8384615384615385,0.9307692307692308,0.015384615384615385,0.1743119266055046,0.25688073394495414,0.25688073394495414,0.27522935779816515,0.2018348623853211,75.58230794620842,-85,-69,4,-80,-68,3
e3829974,True,Calculation,B,False,False,0.5754716981132075,0.660377358490566,0.14150943396226415,0.13114754098360656,0.26229508196721313,0.2786885245901639,0.26229508196721313,0.18032786885245902,189.11619721645206,-39,-38,2,-39,-25,2
03865400,True,CheckIfLettersOnly,B,False,False,0.576271186440678,0.7457627118644068,0.062146892655367235,0.14705882352941177,0.30392156862745096,0.2647058823529412,0.21568627450980393,0.20588235294117646,72.32638915157347,-61,-53,2,-78,-78,1
128d315e,True,CheckIfLettersOnly,B,False,False,0.7029702970297029,0.7425742574257426,0.039603960396039604,0.29577464788732394,0.39436619718309857,0.29577464788732394,0.19718309859154928,0.09859154929577464,89.90355834061718,-37,-37,1,-52,-52,1
1f8beed4,True,CheckIfLettersOnly,B,False,False,0.6933333333333334,0.8,0.13333333333333333,0.21153846153846154,0.38461538461538464,0.36538461538461536,0.057692307692307696,0.17307692307692307,145.09419921483453,-26,-26,1,-36,-36,1
24aed847,True,CheckIfLettersOnly,B,False,False,0.6771653543307087,0.8661417322834646,0.023622047244094488,0.1744186046511628,0.3488372093023256,0.27906976744186046,0.19767441860465115,0.16279069767441862,92.56717955472354,-68,-53,2,-40,-40,1
2f8ddeb6,True,CheckIfLettersOnly,B,False,False,0.632258064516129,0.832258064516129,0.07096774193548387,0.14285714285714285,0.32653061224489793,0.30612244897959184,0.1836734693877551,0.17346938775510204,94.51390356365327,-68,-67,2,-64,-64,1
582108f0,True,CheckIfLettersOnly,B,False,False,0.8535980148883374,0.9478908188585607,0.01488833746898263,0.2005813953488372,0.28488372093023256,0.25,0.23546511627906977,0.22674418604651161,23.54481941478284,-294,-229,7,-155,-88,2
6cd1b570,True,CheckIfLettersOnly,B,False,False,0.6652360515021459,0.8197424892703863,0.02145922746781116,0.13548387096774195,0.36129032258064514,0.3548387096774194,0.11612903225806452,0.16129032258064516,68.88569031686484,-166,-129,3,-84,-81,2
b1146e7b,True,CheckIfLettersOnly,B,False,False,0.5421686746987951,0.6265060240963856,0.14457831325301204,0.15555555555555556,0.4222222222222222,0.26666666666666666,0.17777777777777778,0.1111111111111111,95.28699703195647,-29,-15,2,-118,-118,1
baaa7f91,True,CheckIfLettersOnly,B,False,False,0.712,0.912,0.024,0.1348314606741573,0.2808988764044944,0.25842696629213485,0.2247191011235955,0.2247191011235955,64.53376930572009,-52,-52,1,-58,-58,1
e3829974,True,CheckIfLettersOnly,B,False,False,0.7634408602150538,0.8817204301075269,0.06451612903225806,0.18309859154929578,0.3380281690140845,0.2535211267605634,0.22535211267605634,0.16901408450704225,88.33956701235263,-46,-46,1,-35,-35,1
1e492759,True,InsertSort,C,False,False,0.6491803278688525,0.6721311475409836,0.08196721311475409,0.16666666666666666,0.32323232323232326,0.2878787878787879,0.19696969696969696,0.18686868686868688,173.62270742515773,-187,-157,3,-152,-150,2
1f8beed4,True,InsertSort,C,False,False,0.8588235294117647,0.9058823529411765,0.023529411764705882,0.1780821917808219,0.319634703196347,0.2968036529680365,0.2146118721461187,0.1643835616438356,106.62071052813236,-203,-199,2,-139,-139,1
2f8ddeb6,True,InsertSort,C,False,False,0.7616033755274262,0.8502109704641351,0.027426160337552744,0.15789473684210525,0.31024930747922436,0.3157894736842105,0.20221606648199447,0.16897506925207756,104.3865160692394,-366,-303,3,-259,-255,2
3319c524,True,InsertSort,C,False,False,0.7172701949860725,0.8607242339832869,0.013927576601671309,0.18058252427184465,0.39805825242718446,0.39029126213592236,0.1145631067961165,0.09514563106796116,47.75586216807113,-696,-592,5,-596,-514,3
5f111f97,True,InsertSort,C,False,False,0.8106508875739645,0.8905325443786982,0.029585798816568046,0.17518248175182483,0.2956204379562044,0.3102189781021898,0.20802919708029197,0.18248175182481752,76.58161986391889,-264,-193,4,-223,-223,1
6cd1b570,True,InsertSort,C,False,False,0.7544483985765125,0.8434163701067615,0.021352313167259787,0.19339622641509435,0.3632075471698113,0.37264150943396224,0.15566037735849056,0.10377358490566038,72.30575900532887,-223,-206,3,-148,-148,1
8b56a1da,True,InsertSort,C,False,False,0.7754716981132076,0.9056603773584906,0.0018867924528301887,0.19708029197080293,0.31143552311435524,0.32116788321167883,0.19464720194647203,0.170316301703163,60.269259211246585,-464,-382,7,-376,-351,2
b1146e7b,True,InsertSort,C,False,False,0.7217391304347827,0.7652173913043478,0.017391304347826087,0.18674698795180722,0.3313253012048193,0.28313253012048195,0.25301204819277107,0.12650602409638553,68.72149865112789,-136,-129,2,-110,-110,1
baaa7f91,True,InsertSort,C,False,False,0.7286324786324786,0.8846153846153846,0.053418803418803416,0.20527859237536658,0.3489736070381232,0.2903225806451613,0.16715542521994134,0.1906158357771261,70.51889159731914,-357,-263,7,-268,-268,1
cf071081,True,InsertSort,C,False,False,0.903370786516854,0.9213483146067416,0.015730337078651686,0.17412935323383086,0.2537313432835821,0.2263681592039801,0.2960199004975124,0.22139303482587064,62.26059690893373,-312,-257,3,-241,-241,1
d4aecdc3,True,InsertSort,C,False,False,0.8293838862559242,0.9383886255924171,0.023696682464454975,0.19428571428571428,0.3028571428571429,0.21714285714285714,0.2342857142857143,0.24,65.36820879605933,-120,-111,3,-82,-82,1
e3829974,True,InsertSort,C,False,False,0.873900293255132,0.9266862170087976,0.02932551319648094,0.19798657718120805,0.3724832214765101,0.35570469798657717,0.15100671140939598,0.1174496644295302,92.57787723066227,-372,-256,5,-266,-233,2
07d16e43,True,MoneyClass,A,False,False,0.8348623853211009,0.8348623853211009,0.08256880733944955,0.24175824175824176,0.2967032967032967,0.2967032967032967,0.2857142857142857,0.10989010989010989,82.11663905471008,-82,-18,6,-82,-18,6
128d315e,True,MoneyClass,A,False,False,0.5934065934065934,0.5494505494505495,0.13186813186813187,0.24074074074074073,0.25925925925925924,0.25925925925925924,0.3333333333333333,0.12962962962962962,82.15655392594138,-30,-7,3,-30,-7,3
1e492759,True,MoneyClass,A,False,False,0.7532467532467533,0.7922077922077922,0.11688311688311688,0.3103448275862069,0.3448275862068966,0.27586206896551724,0.1896551724137931,0.1724137931034483,210.25314299115,-46,-1,5,-46,-1,5
1f8beed4,True,MoneyClass,A,False,False,0.8431372549019608,0.8627450980392157,0.0,0.18604651162790697,0.32558139534883723,0.3023255813953488,0.20930232558139536,0.13953488372093023,122.86397514659149,-28,-11,4,-28,-11,4
24aed847,True,MoneyClass,A,False,False,0.7101449275362319,0.6956521739130435,0.15942028985507245,0.16326530612244897,0.3673469387755102,0.40816326530612246,0.08163265306122448,0.12244897959183673,118.16395470385027,-50,-15,4,-50,-15,4
3319c524,True,MoneyClass,A,False,False,0.5609065155807366,0.5779036827195467,0.014164305949008499,0.15151515151515152,0.3686868686868687,0.3888888888888889,0.12121212121212122,0.11616161616161616,52.62423994101961,-274,-35,18,-274,-35,18
582108f0,True,MoneyClass,A,False,False,0.6916666666666667,0.6666666666666666,0.125,0.21686746987951808,0.2891566265060241,0.30120481927710846,0.2289156626506024,0.1686746987951807,62.70104309339555,-72,-23,6,-72,-23,6
6cd1b570,True,MoneyClass,A,False,False,0.8450704225352113,0.8028169014084507,0.028169014084507043,0.3,0.4,0.3,0.13333333333333333,0.15,73.71173685226081,-58,4,6,-58,4,6
9a12d88f,True,MoneyClass,A,False,False,0.5192307692307693,0.34615384615384615,0.0,0.2222222222222222,0.2222222222222222,0.18518518518518517,0.2222222222222222,0.3333333333333333,129.86103912866986,-20,-20,1,-20,-20,1
b8d2109c,True,MoneyClass,A,False,False,0.8613861386138614,0.9108910891089109,0.039603960396039604,0.21839080459770116,0.2988505747126437,0.3333333333333333,0.16091954022988506,0.19540229885057472,98.75651765984334,-90,-33,7,-90,-33,7
baaa7f91,True,MoneyClass,A,False,False,0.7889908256880734,0.7981651376146789,0.07339449541284404,0.2441860465116279,0.36046511627906974,0.3372093023255814,0.12790697674418605,0.16279069767441862,87.29293411968155,-94,-15,7,-94,-15,7
cf071081,True,MoneyClass,A,False,False,0.7924528301886793,0.6981132075471698,0.09433962264150944,0.16666666666666666,0.2857142857142857,0.19047619047619047,0.23809523809523808,0.2619047619047619,76.73673134611307,-14,3,2,-14,3,2
03865400,True,Rectangle,E,False,False,0.5153374233128835,0.6503067484662577,0.07975460122699386,0.11904761904761904,0.40476190476190477,0.35714285714285715,0.11904761904761904,0.10714285714285714,130.34106660797522,-78,-63,2,-87,-87,1
1e492759,True,Rectangle,E,False,False,0.6454545454545455,0.7181818181818181,0.05454545454545454,0.15492957746478872,0.38028169014084506,0.23943661971830985,0.19718309859154928,0.16901408450704225,137.85113802673195,-37,-37,1,-64,-64,1
1f8beed4,True,Rectangle,E,False,False,0.6756756756756757,0.7702702702702703,0.10135135135135136,0.14,0.32,0.34,0.19,0.14,109.0039518815497,-96,-78,3,-108,-108,1
24aed847,True,Rectangle,E,False,False,0.6352941176470588,0.6941176470588235,0.10588235294117647,0.1388888888888889,0.28703703703703703,0.3055555555555556,0.2037037037037037,0.19444444444444445,117.74141475809685,-96,-96,1,-99,-99,1
2f8ddeb6,True,Rectangle,E,False,False,0.5947136563876652,0.7136563876651982,0.048458149779735685,0.15555555555555556,0.28888888888888886,0.32592592592592595,0.21481481481481482,0.16296296296296298,150.21588741919032,-137,-113,2,-127,-125,2
3319c524,True,Rectangle,E,False,False,0.5349716446124764,0.7051039697542533,0.034026465028355386,0.18021201413427562,0.38162544169611307,0.36042402826855124,0.127208480565371,0.127208480565371,57.545633083114396,-350,-264,5,-337,-319,2
5f111f97,True,Rectangle,E,False,False,0.625,0.6916666666666667,0.041666666666666664,0.2,0.32,0.38666666666666666,0.13333333333333333,0.14666666666666667,97.80471632208429,-82,-82,1,-100,-100,1
9a12d88f,True,Rectangle,E,False,False,0.38509316770186336,0.5527950310559007,0.012422360248447204,0.06451612903225806,0.27419354838709675,0.3870967741935484,0.12903225806451613,0.1935483870967742,156.88512186575556,-61,-61,1,-85,-85,1
b8d2109c,True,Rectangle,E,False,False,0.7252396166134185,0.8242811501597445,0.03514376996805112,0.14977973568281938,0.3524229074889868,0.31277533039647576,0.19383259911894274,0.13656387665198239,98.879261567094,-232,-180,3,-240,-227,2
cf071081,True,Rectangle,E,False,False,0.7032258064516129,0.7548387096774194,0.03870967741935484,0.12844036697247707,0.24770642201834864,0.24770642201834864,0.30275229357798167,0.1926605504587156,102.16867274710921,-54,-54,1,-69,-69,1
e3829974,True,Rectangle,E,False,False,0.6238532110091743,0.7064220183486238,0.1559633027522936,0.19117647058823528,0.4117647058823529,0.3382352941176471,0.1323529411764706,0.10294117647058823,112.10954902879642,-55,-55,1,-50,-50,1
03865400,True,SignChecker,D,False,False,0.751219512195122,0.7853658536585366,0.03414634146341464,0.18831168831168832,0.34415584415584416,0.34415584415584416,0.15584415584415584,0.14935064935064934,84.43743894298227,-149,-111,3,-162,-155,2
07d16e43,True,SignChecker,D,False,False,0.84,0.925,0.025,0.17857142857142858,0.30357142857142855,0.25595238095238093,0.2916666666666667,0.14285714285714285,85.48017186801073,-111,-87,2,-128,-118,2
128d315e,True,SignChecker,D,False,False,0.7701863354037267,0.7950310559006211,0.08074534161490683,0.1532258064516129,0.2903225806451613,0.27419354838709675,0.27419354838709675,0.1532258064516129,89.7103736550713,-93,-68,2,-90,-90,1
1e492759,True,SignChecker,D,False,False,0.6971153846153846,0.7163461538461539,0.1346153846153846,0.19310344827586207,0.3103448275862069,0.2827586206896552,0.2413793103448276,0.15862068965517243,131.65247499384338,-102,-89,4,-113,-113,1
24aed847,True,SignChecker,D,False,False,0.7435897435897436,0.7777777777777778,0.1111111111111111,0.16091954022988506,0.3218390804597701,0.41379310344827586,0.13793103448275862,0.11494252873563218,118.22314096636424,-90,-85,2,-90,-90,1
2f8ddeb6,True,SignChecker,D,False,False,0.6703910614525139,0.7653631284916201,0.07262569832402235,0.11666666666666667,0.26666666666666666,0.31666666666666665,0.21666666666666667,0.19166666666666668,126.50430379260354,-93,-89,2,-109,-109,1
3319c524,True,SignChecker,D,False,False,0.6505376344086021,0.7652329749103942,0.008960573476702509,0.16804407713498623,0.3939393939393939,0.4049586776859504,0.1184573002754821,0.07988980716253444,55.23764082053896,-503,-390,7,-512,-435,4
582108f0,True,SignChecker,D,False,False,0.7183673469387755,0.7877551020408163,0.11428571428571428,0.1590909090909091,0.3125,0.3409090909090909,0.18181818181818182,0.1590909090909091,73.57447069181514,-167,-140,3,-168,-168,1
5f111f97,True,SignChecker,D,False,False,0.7692307692307693,0.8076923076923077,0.046153846153846156,0.14,0.34,0.31,0.2,0.14,92.44549568052818,-71,-69,2,-92,-92,1
6cd1b570,True,SignChecker,D,False,False,0.7457627118644068,0.788135593220339,0.1016949152542373,0.125,0.3409090909090909,0.4090909090909091,0.10227272727272728,0.13636363636363635,95.9829225540032,-80,-68,2,-87,-87,1
8b56a1da,True,SignChecker,D,False,False,0.7441860465116279,0.7945736434108527,0.003875968992248062,0.203125,0.3541666666666667,0.3697916666666667,0.125,0.14583333333333334,63.05675212487537,-207,-148,4,-206,-192,2
9a12d88f,True,SignChecker,D,False,False,0.5671641791044776,0.7014925373134329,0.007462686567164179,0.15789473684210525,0.3684210526315789,0.32894736842105265,0.13157894736842105,0.15789473684210525,125.06835194966008,-53,-53,1,-62,-62,1
b1146e7b,True,SignChecker,D,False,False,0.5641025641025641,0.6410256410256411,0.06837606837606838,0.15151515151515152,0.3484848484848485,0.3939393939393939,0.10606060606060606,0.13636363636363635,137.36235257383981,-52,-49,2,-67,-67,1
b8d2109c,True,SignChecker,D,False,False,0.7521739130434782,0.7782608695652173,0.034782608695652174,0.14450867052023122,0.3179190751445087,0.2947976878612717,0.2138728323699422,0.1676300578034682,87.6870852334941,-147,-117,2,-142,-132,2
baaa7f91,True,SignChecker,D,False,False,0.706766917293233,0.8421052631578947,0.045112781954887216,0.1702127659574468,0.3404255319148936,0.2978723404255319,0.2127659574468085,0.13829787234042554,83.880944278543,-67,-59,2,-87,-87,1
cf071081,True,SignChecker,D,False,False,0.815068493150685,0.8287671232876712,0.04794520547945205,0.16806722689075632,0.3025210084033613,0.2857142857142857,0.2184873949579832,0.18487394957983194,70.9676429775468,-87,-87,1,-90,-90,1
d4aecdc3,True,SignChecker,D,False,False,0.5480769230769231,0.6442307692307693,0.09615384615384616,0.22807017543859648,0.38596491228070173,0.22807017543859648,0.19298245614035087,0.17543859649122806,92.06281433040641,-36,-34,2,-48,-48,1
03865400,True,Street,E,False,False,0.48148148148148145,0.5925925925925926,0.037037037037037035,0.1282051282051282,0.358974358974359,0.2564102564102564,0.1794871794871795,0.1794871794871795,82.18083690737467,-30,-30,1,-35,-35,1
07d16e43,True,Street,E,False,False,0.6891891891891891,0.7432432432432432,0.033783783783783786,0.16666666666666666,0.27450980392156865,0.30392156862745096,0.24509803921568626,0.16666666666666666,67.91595716455728,-77,-62,2,-77,-65,3
128d315e,True,Street,E,False,False,0.5625,0.625,0.041666666666666664,0.1111111111111111,0.2962962962962963,0.37037037037037035,0.2222222222222222,0.07407407407407407,122.54099747133262,-15,-15,1,-14,-14,1
1f8beed4,True,Street,E,False,False,0.6140350877192983,0.6666666666666666,0.14035087719298245,0.17142857142857143,0.4,0.2571428571428571,0.17142857142857143,0.14285714285714285,162.49506299109862,-15,-13,2,-15,-15,1
2f8ddeb6,True,Street,E,False,False,0.5641025641025641,0.6794871794871795,0.08974358974358974,0.11363636363636363,0.4318181818181818,0.4318181818181818,0.09090909090909091,0.022727272727272728,147.21929375963356,-41,-29,2,-35,-35,1
3319c524,True,Street,E,False,False,0.5714285714285714,0.7207792207792207,0.006493506493506494,0.17045454545454544,0.375,0.35795454545454547,0.13636363636363635,0.125,45.84172155804137,-205,-123,5,-211,-159,5
582108f0,True,Street,E,False,False,0.8586956521739131,0.9239130434782609,0.021739130434782608,0.21518987341772153,0.379746835443038,0.2911392405063291,0.1518987341772152,0.16455696202531644,20.069896453229177,-68,-47,2,-59,-45,2
5f111f97,True,Street,E,False,False,0.5507246376811594,0.6376811594202898,0.08695652173913043,0.10526315789473684,0.42105263157894735,0.2894736842105263,0.10526315789473684,0.15789473684210525,131.95211308288376,-33,-33,1,-37,-37,1
6cd1b570,True,Street,E,False,False,0.5686274509803921,0.6274509803921569,0.08823529411764706,0.1206896551724138,0.39655172413793105,0.41379310344827586,0.10344827586206896,0.06896551724137931,104.88600647898409,-59,-59,1,-59,-59,1
8b56a1da,True,Street,E,False,False,0.6153846153846154,0.6804733727810651,0.0,0.125,0.3557692307692308,0.3269230769230769,0.1346153846153846,0.17307692307692307,50.06729619436722,-101,-75,3,-107,-90,3
9a12d88f,True,Street,E,False,False,0.37383177570093457,0.5046728971962616,0.018691588785046728,0.1,0.25,0.275,0.2,0.25,162.14333828264122,-26,-26,1,-31,-31,1
cf071081,True,Street,E,False,False,0.85,0.8875,0.0,0.11764705882352941,0.29411764705882354,0.19117647058823528,0.27941176470588236,0.22058823529411764,81.23885065316776,-32,-24,2,-43,-36,2
d4aecdc3,True,Street,E,False,False,0.6774193548387096,0.8064516129032258,0.06451612903225806,0.2619047619047619,0.40476190476190477,0.30952380952380953,0.07142857142857142,0.19047619047619047,95.10522160897314,-35,-30,2,-36,-36,1
e3829974,True,Street,E,False,False,0.7,0.775,0.125,0.07142857142857142,0.32142857142857145,0.42857142857142855,0.14285714285714285,0.07142857142857142,111.23157219412943,-33,-33,1,-32,-32,1
07d16e43,True,Student,D,False,False,0.7791411042944786,0.8159509202453987,0.03067484662576687,0.1732283464566929,0.28346456692913385,0.2755905511811024,0.2755905511811024,0.15748031496062992,71.76444397237232,-87,-64,2,-99,-86,2
128d315e,True,Student,D,False,False,0.5748031496062992,0.5669291338582677,0.06299212598425197,0.1232876712328767,0.3013698630136986,0.3150684931506849,0.2602739726027397,0.1095890410958904,116.32343529586943,-45,-45,1,-39,-39,1
1e492759,True,Student,D,False,False,0.632183908045977,0.6551724137931034,0.11494252873563218,0.07272727272727272,0.2545454545454545,0.2,0.32727272727272727,0.2,148.97177789417103,-30,-30,1,-26,-26,1
3319c524,True,Student,D,False,False,0.518957345971564,0.6445497630331753,0.023696682464454975,0.1598173515981735,0.3744292237442922,0.3470319634703196,0.1232876712328767,0.1506849315068493,54.37357359040359,-241,-149,4,-247,-200,5
582108f0,True,Student,D,False,False,0.7326732673267327,0.7821782178217822,0.019801980198019802,0.14864864864864866,0.3108108108108108,0.3108108108108108,0.16216216216216217,0.20270270270270271,37.85502421481257,-48,-48,1,-55,-55,1
5f111f97,True,Student,D,False,False,0.5,0.5,0.07575757575757576,0.18181818181818182,0.42424242424242425,0.30303030303030304,0.15151515151515152,0.09090909090909091,136.50066972746376,-6,-6,1,-24,-24,1
8b56a1da,True,Student,D,False,False,0.6223776223776224,0.7132867132867133,0.006993006993006993,0.1797752808988764,0.34831460674157305,0.4157303370786517,0.11235955056179775,0.11235955056179775,75.94864814465,-86,-81,2,-91,-68,3
b1146e7b,True,Student,D,False,False,0.34782608695652173,0.391304347826087,0.10869565217391304,0.25,0.375,0.4375,0.0625,0.0625,139.616310704962,-24,-24,1,-31,-31,1
b8d2109c,True,Student,D,False,False,0.7037037037037037,0.8148148148148148,0.024691358024691357,0.12280701754385964,0.3333333333333333,0.3333333333333333,0.21052631578947367,0.10526315789473684,117.89546594336508,-49,-37,2,-31,-31,1
baaa7f91,True,Student,D,False,False,0.5636363636363636,0.6,0.05454545454545454,0.06451612903225806,0.2903225806451613,0.25806451612903225,0.1935483870967742,0.22580645161290322,71.63254735367441,-12,-12,1,-22,-22,1
d4aecdc3,True,Student,D,False,False,0.5957446808510638,0.7446808510638298,0.0851063829787234,0.17857142857142858,0.4642857142857143,0.2857142857142857,0.17857142857142858,0.03571428571428571,152.15511381581965,-20,-20,1,-25,-25,1
e3829974,True,Student,D,False,False,0.7872340425531915,0.851063829787234,0.0851063829787234,0.10810810810810811,0.3783783783783784,0.32432432432432434,0.10810810810810811,0.16216216216216217,124.88506373080507,-18,-18,1,-21,-21,1
03865400,True,SumArray,A,False,False,0.4636363636363636,0.7363636363636363,0.01818181818181818,0.11764705882352941,0.2549019607843137,0.21568627450980393,0.3333333333333333,0.17647058823529413,101.9265554841855,-26,-10,2,-25,-25,1
07d16e43,True,SumArray,A,False,False,0.8,0.9527272727272728,0.02909090909090909,0.1590909090909091,0.20909090909090908,0.21363636363636362,0.3090909090909091,0.2636363636363636,70.16145614618245,-162,-81,9,-122,7,5
1e492759,True,SumArray,A,False,False,0.5,0.75,0.057692307692307696,0.15384615384615385,0.23076923076923078,0.15384615384615385,0.34615384615384615,0.23076923076923078,178.6473536350002,-3,-3,1,-17,-17,1
1f8beed4,True,SumArray,A,False,False,0.5833333333333334,0.7708333333333334,0.10416666666666667,0.21428571428571427,0.35714285714285715,0.2857142857142857,0.21428571428571427,0.10714285714285714,178.4117353492423,-8,-8,1,13,13,1
24aed847,True,SumArray,A,False,False,0.4107142857142857,0.7678571428571429,0.10714285714285714,0.08695652173913043,0.21739130434782608,0.43478260869565216,0.08695652173913043,0.21739130434782608,76.56195032848547,-18,-16,2,-24,-24,1
2f8ddeb6,True,SumArray,A,False,False,0.5543478260869565,0.8369565217391305,0.11956521739130435,0.2549019607843137,0.35294117647058826,0.2549019607843137,0.23529411764705882,0.13725490196078433,99.98003206461647,-34,-7,4,6,23,2
582108f0,True,SumArray,A,False,False,0.6666666666666666,0.8787878787878788,0.045454545454545456,0.18181818181818182,0.25,0.2727272727272727,0.25,0.20454545454545456,29.992607524680665,-22,-20,2,-6,-6,1
5f111f97,True,SumArray,A,False,False,0.559322033898305,0.7966101694915254,0.0847457627118644,0.24242424242424243,0.3333333333333333,0.18181818181818182,0.30303030303030304,0.15151515151515152,61.7237313227457,-7,6,2,-14,-14,1
6cd1b570,True,SumArray,A,False,False,0.618421052631579,0.7368421052631579,0.09210526315789473,0.3191489361702128,0.46808510638297873,0.3617021276595745,0.06382978723404255,0.0851063829787234,72.44653005897578,-48,-15,4,-14,-11,2
8b56a1da,True,SumArray,A,False,False,0.6756756756756757,0.8378378378378378,0.009009009009009009,0.24,0.3466666666666667,0.30666666666666664,0.14666666666666667,0.18666666666666668,65.65829578484549,-68,-25,5,-46,-25,2
9a12d88f,True,SumArray,A,False,False,0.4090909090909091,0.5606060606060606,0.015151515151515152,0.25925925925925924,0.3333333333333333,0.18518518518518517,0.25925925925925924,0.18518518518518517,151.67681620141082,-8,-4,2,-12,-12,1
b1146e7b,True,SumArray,A,False,False,0.38333333333333336,0.7666666666666667,0.08333333333333333,0.13043478260869565,0.2608695652173913,0.34782608695652173,0.17391304347826086,0.17391304347826086,101.56670237525913,-19,-19,1,-34,-34,1
b8d2109c,True,SumArray,A,False,False,0.6792452830188679,0.839622641509434,0.05660377358490566,0.2638888888888889,0.3194444444444444,0.2916666666666667,0.2361111111111111,0.1388888888888889,73.59532992089873,-58,-32,4,-18,2,2
d4aecdc3,True,SumArray,A,False,False,0.8,0.875,0.0375,0.140625,0.265625,0.21875,0.296875,0.203125,94.98924097738424,-34,-21,2,-1,17,2
e3829974,True,SumArray,A,False,False,0.8,0.9230769230769231,0.07692307692307693,0.1346153846153846,0.2692307692307692,0.25,0.2692307692307692,0.19230769230769232,82.02977697556008,-32,-17,3,1,3,2
03865400,True,Vehicle,C,False,False,0.56640625,0.69140625,0.0390625,0.1310344827586207,0.33793103448275863,0.31724137931034485,0.15172413793103448,0.18620689655172415,86.21912214493344,-125,-125,1,-142,-133,2
07d16e43,True,Vehicle,C,False,False,0.7555555555555555,0.8920634920634921,0.012698412698412698,0.1722689075630252,0.2689075630252101,0.2647058823529412,0.2689075630252101,0.19327731092436976,80.99475644834342,-171,-137,4,-200,-172,4
128d315e,True,Vehicle,C,False,False,0.6923076923076923,0.8416289592760181,0.03167420814479638,0.1830065359477124,0.3202614379084967,0.2875816993464052,0.2222222222222222,0.16339869281045752,97.86097532000532,-125,-108,2,-116,-100,2
1e492759,True,Vehicle,C,False,False,0.6993006993006993,0.7552447552447552,0.03496503496503497,0.16,0.31,0.24,0.24,0.2,152.87537951227307,-55,-55,1,-64,-64,1
24aed847,True,Vehicle,C,False,False,0.6575342465753424,0.7876712328767124,0.02054794520547945,0.16666666666666666,0.3333333333333333,0.3020833333333333,0.22916666666666666,0.125,95.72615537611237,-77,-73,2,-70,-69,2
2f8ddeb6,True,Vehicle,C,False,False,0.6390532544378699,0.8461538461538461,0.047337278106508875,0.14814814814814814,0.3148148148148148,0.21296296296296297,0.2962962962962963,0.16666666666666666,108.27867563562909,-68,-60,2,-66,-66,1
3319c524,True,Vehicle,C,False,False,0.5546218487394958,0.7058823529411765,0.0028011204481792717,0.15656565656565657,0.3787878787878788,0.3484848484848485,0.12626262626262627,0.1414141414141414,65.11566749629814,-206,-163,4,-235,-191,3
582108f0,True,Vehicle,C,False,False,0.7419354838709677,0.8824884792626728,0.02534562211981567,0.15527950310559005,0.3416149068322981,0.3416149068322981,0.16459627329192547,0.14906832298136646,69.42431678744619,-363,-276,5,-368,-282,5
6cd1b570,True,Vehicle,C,False,False,0.7090909090909091,0.8181818181818182,0.03636363636363636,0.10256410256410256,0.2564102564102564,0.2564102564102564,0.32051282051282054,0.15384615384615385,93.16651854183773,-33,-33,1,-10,-10,1
8b56a1da,True,Vehicle,C,False,False,0.6526315789473685,0.8,0.005263157894736842,0.14516129032258066,0.2903225806451613,0.3467741935483871,0.18548387096774194,0.1693548387096774,82.25995803393981,-106,-99,2,-123,-111,2
9a12d88f,True,Vehicle,C,False,False,0.45751633986928103,0.6993464052287581,0.006535947712418301,0.15714285714285714,0.35714285714285715,0.2714285714285714,0.15714285714285714,0.2,121.5273882652363,-34,-34,1,-48,-48,1
b1146e7b,True,Vehicle,C,False,False,0.5136612021857924,0.5956284153005464,0.07103825136612021,0.2127659574468085,0.35106382978723405,0.2872340425531915,0.14893617021276595,0.20212765957446807,82.77258849664804,-67,-67,1,-78,-68,2
b8d2109c,True,Vehicle,C,False,False,0.7194570135746606,0.8009049773755657,0.02262443438914027,0.16981132075471697,0.33962264150943394,0.27044025157232704,0.2138364779874214,0.16981132075471697,90.12748571952697,-111,-97,3,-128,-87,4
baaa7f91,True,Vehicle,C,False,False,0.7466666666666667,0.8533333333333334,0.03333333333333333,0.16964285714285715,0.36607142857142855,0.3125,0.11607142857142858,0.19642857142857142,95.96443937345148,-94,-91,2,-104,-99,2
cf071081,True,Vehicle,C,False,False,0.7175572519083969,0.8549618320610687,0.015267175572519083,0.1595744680851064,0.3191489361702128,0.26595744680851063,0.26595744680851063,0.13829787234042554,122.1216739197388,-53,-53,1,-44,-44,1
d4aecdc3,True,Vehicle,C,False,False,0.66,0.87,0.03,0.13636363636363635,0.3181818181818182,0.3787878787878788,0.13636363636363635,0.15151515151515152,106.96575358260282,-34,-34,1,-53,-53,1
1e492759,True,Calculation,B,False,True,0.7727272727272727,0.7597402597402597,0.05844155844155844,0.15966386554621848,0.2773109243697479,0.2773109243697479,0.23529411764705882,0.20168067226890757,123.52698013799755,-89,-60,5,-89,-73,4
2f8ddeb6,True,Calculation,B,False,True,0.6444444444444445,0.8476190476190476,0.04126984126984127,0.21674876847290642,0.33497536945812806,0.2955665024630542,0.1921182266009852,0.1724137931034483,99.75035105852164,-211,-101,9,-211,-101,8
3319c524,True,Calculation,B,False,True,0.6405228758169934,0.710239651416122,0.0196078431372549,0.16326530612244897,0.38095238095238093,0.3843537414965986,0.1326530612244898,0.09863945578231292,45.341693668933964,-411,-235,13,-417,-244,15
582108f0,True,Calculation,B,False,True,0.839572192513369,0.8823529411764706,0.053475935828877004,0.1910828025477707,0.2802547770700637,0.27388535031847133,0.2611464968152866,0.17834394904458598,24.349823629913164,-147,-95,6,-145,-95,5
6cd1b570,True,Calculation,B,False,True,0.685823754789272,0.6666666666666666,0.011494252873563218,0.16201117318435754,0.36312849162011174,0.36312849162011174,0.12290502793296089,0.1452513966480447,67.26473063484133,-222,-111,8,-227,-132,9
07d16e43,True,CheckIfLettersOnly,B,False,True,0.792147806004619,0.9376443418013857,0.018475750577367205,0.18950437317784258,0.30903790087463556,0.2915451895043732,0.20116618075801748,0.19533527696793002,50.80310977452313,-338,-241,6,-276,-262,2
1e492759,True,CheckIfLettersOnly,B,False,True,0.7062146892655368,0.7966101694915254,0.07344632768361582,0.128,0.336,0.296,0.184,0.176,123.54362507085092,-108,-102,2,-45,-45,1
3319c524,True,CheckIfLettersOnly,B,False,True,0.6946386946386947,0.8205128205128205,0.013986013986013986,0.12416107382550336,0.40268456375838924,0.37919463087248323,0.09395973154362416,0.12080536912751678,47.571304978422944,-392,-293,6,-296,-209,3
5f111f97,True,CheckIfLettersOnly,B,False,True,0.68,0.768,0.024,0.11764705882352941,0.35294117647058826,0.35294117647058826,0.1411764705882353,0.1411764705882353,77.17757292676316,-71,-50,2,-71,-71,1
8b56a1da,True,CheckIfLettersOnly,B,False,True,0.8323699421965318,0.8901734104046243,0.005780346820809248,0.2569444444444444,0.375,0.3263888888888889,0.14583333333333334,0.14583333333333334,62.228213344921336,-158,-133,3,-62,-50,2
9a12d88f,True,CheckIfLettersOnly,B,False,True,0.35195530726256985,0.8100558659217877,0.00558659217877095,0.09523809523809523,0.31746031746031744,0.31746031746031744,0.15873015873015872,0.19047619047619047,102.70954402165242,-55,-55,1,-96,-96,1
b8d2109c,True,CheckIfLettersOnly,B,False,True,0.6804979253112033,0.8381742738589212,0.04979253112033195,0.18902439024390244,0.36585365853658536,0.2804878048780488,0.1951219512195122,0.1524390243902439,85.91402648551222,-153,-126,4,-75,-75,1
cf071081,True,CheckIfLettersOnly,B,False,True,0.8442211055276382,0.9095477386934674,0.020100502512562814,0.19642857142857142,0.3273809523809524,0.26785714285714285,0.23809523809523808,0.16071428571428573,76.00795363067346,-141,-123,3,-40,-40,1
d4aecdc3,True,CheckIfLettersOnly,B,False,True,0.7945205479452054,0.9178082191780822,0.0365296803652968,0.12643678160919541,0.28160919540229884,0.28160919540229884,0.20689655172413793,0.22413793103448276,63.77606091195236,-137,-107,4,-87,-87,1
03865400,True,InsertSort,C,False,True,0.6797488226059655,0.7409733124018838,0.0141287284144427,0.16859122401847576,0.3210161662817552,0.3279445727482679,0.20092378752886836,0.14780600461893764,89.58003740687087,-488,-437,4,-402,-384,2
07d16e43,True,InsertSort,C,False,True,0.8351920693928129,0.9355638166047088,0.012391573729863693,0.1795252225519288,0.29673590504451036,0.30712166172106825,0.21216617210682492,0.1824925816023739,62.843732154116225,-728,-561,7,-639,-530,4
128d315e,True,InsertSort,C,False,True,0.8727858293075684,0.9098228663446055,0.01288244766505636,0.1752767527675277,0.3007380073800738,0.29704797047970477,0.23431734317343172,0.16605166051660517,95.31210549571323,-580,-454,7,-456,-430,2
24aed847,True,InsertSort,C,False,True,0.874,0.908,0.022,0.16933638443935928,0.3157894736842105,0.3318077803203661,0.18077803203661327,0.16933638443935928,89.66838806193837,-482,-379,6,-378,-326,2
582108f0,True,InsertSort,C,False,True,0.8541973490427098,0.9322533136966127,0.020618556701030927,0.19482758620689655,0.32068965517241377,0.3137931034482759,0.1896551724137931,0.17413793103448275,42.28641509625914,-644,-476,6,-531,-435,3
9a12d88f,True,InsertSort,C,False,True,0.4888888888888889,0.654320987654321,0.007407407407407408,0.16666666666666666,0.37373737373737376,0.3787878787878788,0.13636363636363635,0.10606060606060606,151.1757096944746,-236,-214,3,-200,-200,1
b8d2109c,True,InsertSort,C,False,True,0.8266384778012685,0.8393234672304439,0.02748414376321353,0.17391304347826086,0.3171355498721228,0.3145780051150895,0.20971867007672634,0.15601023017902813,83.98862336133065,-408,-317,4,-326,-296,2
03865400,True,MoneyClass,A,False,True,0.7346938775510204,0.6666666666666666,0.10884353741496598,0.2222222222222222,0.2962962962962963,0.2777777777777778,0.2037037037037037,0.21296296296296297,95.986949763039,-104,-22,8,-104,-22,8
2f8ddeb6,True,MoneyClass,A,False,True,0.7524752475247525,0.801980198019802,0.07920792079207921,0.2236842105263158,0.2894736842105263,0.2631578947368421,0.2236842105263158,0.21052631578947367,117.33444606054216,-58,-14,5,-58,-14,5
5f111f97,True,MoneyClass,A,False,True,0.7352941176470589,0.6617647058823529,0.1323529411764706,0.22,0.3,0.24,0.26,0.18,101.06984455202392,-34,-7,4,-34,-7,4
8b56a1da,True,MoneyClass,A,False,True,0.8810289389067524,0.7877813504823151,0.00964630225080386,0.1897810218978102,0.30656934306569344,0.3248175182481752,0.16423357664233576,0.20072992700729927,37.29627101984051,-320,-108,22,-320,-108,22
b1146e7b,True,MoneyClass,A,False,True,0.7230769230769231,0.7384615384615385,0.046153846153846156,0.2127659574468085,0.2553191489361702,0.2127659574468085,0.2978723404255319,0.2127659574468085,94.44688056899295,-18,2,3,-18,2,3
d4aecdc3,True,MoneyClass,A,False,True,0.7857142857142857,0.8035714285714286,0.08928571428571429,0.29545454545454547,0.38636363636363635,0.29545454545454547,0.18181818181818182,0.11363636363636363,73.85467508029627,-34,-16,3,-34,-16,3
e3829974,True,MoneyClass,A,False,True,0.8382352941176471,0.8823529411764706,0.058823529411764705,0.17543859649122806,0.2631578947368421,0.24561403508771928,0.21052631578947367,0.2631578947368421,72.90983763400635,-32,-15,3,-32,-15,3
07d16e43,True,Rectangle,E,False,True,0.7841530054644809,0.8961748633879781,0.02185792349726776,0.1289198606271777,0.2682926829268293,0.2961672473867596,0.24390243902439024,0.18815331010452963,65.12672494898501,-249,-187,3,-246,-228,2
128d315e,True,Rectangle,E,False,True,0.6753731343283582,0.7649253731343284,0.048507462686567165,0.1270718232044199,0.3425414364640884,0.292817679558011,0.1878453038674033,0.1712707182320442,106.39314241699878,-157,-122,2,-161,-153,2
582108f0,True,Rectangle,E,False,True,0.7597292724196277,0.8494077834179357,0.06598984771573604,0.1915367483296214,0.32516703786191536,0.32962138084632514,0.1870824053452116,0.155902004454343,59.72925263255561,-524,-454,6,-505,-467,4
6cd1b570,True,Rectangle,E,False,True,0.7527472527472527,0.7912087912087912,0.027472527472527472,0.13138686131386862,0.38686131386861317,0.36496350364963503,0.12408759124087591,0.11678832116788321,83.26538248045675,-138,-107,3,-131,-116,2
8b56a1da,True,Rectangle,E,False,True,0.5126050420168067,0.6470588235294118,0.0,0.1557377049180328,0.3524590163934426,0.38524590163934425,0.12295081967213115,0.13114754098360656,58.21698471261245,-124,-100,3,-117,-112,2
b1146e7b,True,Rectangle,E,False,True,0.55,0.6269230769230769,0.07307692307692308,0.13986013986013987,0.3006993006993007,0.34965034965034963,0.1888111888111888,0.15384615384615385,93.46341703033546,-142,-138,2,-146,-146,1
baaa7f91,True,Rectangle,E,False,True,0.546448087431694,0.73224043715847,0.04371584699453552,0.16,0.38,0.34,0.12,0.15,101.16669792768171,-92,-83,2,-101,-101,1
d4aecdc3,True,Rectangle,E,False,True,0.6823529411764706,0.8352941176470589,0.023529411764705882,0.14655172413793102,0.33620689655172414,0.3017241379310345,0.20689655172413793,0.14655172413793102,139.163126901375,-115,-114,2,-112,-112,1
1f8beed4,True,SignChecker,D,True,True,0.7203791469194313,0.7772511848341233,0.08530805687203792,0.19078947368421054,0.40789473684210525,0.3618421052631579,0.1118421052631579,0.1118421052631579,138.75072777512483,-183,-162,2,-177,-155,2
e3829974,True,SignChecker,D,True,True,0.6764705882352942,0.7254901960784313,0.14215686274509803,0.14492753623188406,0.32608695652173914,0.30434782608695654,0.21739130434782608,0.14492753623188406,123.1488463536,-121,-112,2,-124,-118,2
1e492759,True,Street,E,True,True,0.5692307692307692,0.6,0.035897435897435895,0.0990990990990991,0.34234234234234234,0.3063063063063063,0.17117117117117117,0.17117117117117117,118.3936599034633,-105,-80,3,-97,-86,3
24aed847,True,Street,E,True,True,0.639344262295082,0.6721311475409836,0.06557377049180328,0.15384615384615385,0.3333333333333333,0.20512820512820512,0.23076923076923078,0.20512820512820512,117.01426491287377,-8,-8,1,-22,-22,1
b1146e7b,True,Street,E,True,True,0.43373493975903615,0.5060240963855421,0.08433734939759036,0.08333333333333333,0.3611111111111111,0.25,0.1388888888888889,0.2222222222222222,95.9017404865051,-19,-19,1,-27,-27,1
b8d2109c,True,Street,E,True,True,0.7471264367816092,0.7701149425287356,0.005747126436781609,0.1076923076923077,0.2846153846153846,0.2923076923076923,0.24615384615384617,0.16923076923076924,86.49810878671678,-103,-81,3,-105,-92,3
baaa7f91,True,Street,E,True,True,0.6237623762376238,0.7326732673267327,0.039603960396039604,0.1746031746031746,0.38095238095238093,0.30158730158730157,0.12698412698412698,0.1746031746031746,68.08090275805012,-53,-42,2,-63,-60,2
03865400,True,Student,D,False,True,0.55,0.575,0.03125,0.1590909090909091,0.375,0.3068181818181818,0.14772727272727273,0.1590909090909091,106.55728739309761,-80,-79,2,-95,-85,2
1f8beed4,True,Student,D,False,True,0.7142857142857143,0.7346938775510204,0.04081632653061224,0.17142857142857143,0.34285714285714286,0.3,0.2,0.14285714285714285,149.9142764945778,-45,-26,2,-33,-33,1
24aed847,True,Student,D,False,True,0.6869565217391305,0.7478260869565218,0.06086956521739131,0.1518987341772152,0.3291139240506329,0.34177215189873417,0.16455696202531644,0.1518987341772152,123.08887134046994,-67,-58,2,-61,-51,2
2f8ddeb6,True,Student,D,False,True,0.6282051282051282,0.8333333333333334,0.019230769230769232,0.08163265306122448,0.336734693877551,0.336734693877551,0.14285714285714285,0.17346938775510204,103.67871316167567,-93,-76,2,-87,-78,2
6cd1b570,True,Student,D,False,True,0.6352941176470588,0.7411764705882353,0.03529411764705882,0.18518518518518517,0.42592592592592593,0.3148148148148148,0.16666666666666666,0.07407407407407407,115.93434397432587,-26,-11,2,-42,-42,1
9a12d88f,True,Student,D,False,True,0.3233082706766917,0.45112781954887216,0.0,0.11627906976744186,0.3488372093023256,0.3953488372093023,0.13953488372093023,0.09302325581395349,139.49987479977295,-37,-37,1,-49,-49,1
cf071081,True,Student,D,False,True,0.7285714285714285,0.7142857142857143,0.02857142857142857,0.0392156862745098,0.27450980392156865,0.29411764705882354,0.2549019607843137,0.1568627450980392,99.1109294920628,-30,-30,1,-38,-38,1
128d315e,True,SumArray,A,False,True,0.572463768115942,0.8043478260869565,0.050724637681159424,0.16455696202531644,0.3037974683544304,0.31645569620253167,0.21518987341772153,0.1518987341772152,66.96938338182032,-68,-21,4,-46,-13,2
3319c524,True,SumArray,A,False,True,0.5034802784222738,0.7540603248259861,0.030162412993039442,0.18433179723502305,0.3778801843317972,0.35944700460829493,0.15668202764976957,0.10138248847926268,46.05249827418574,-286,-134,16,-246,-14,8
baaa7f91,True,SumArray,A,False,True,0.6764705882352942,0.8382352941176471,0.08823529411764706,0.2826086956521739,0.34782608695652173,0.2391304347826087,0.17391304347826086,0.21739130434782608,84.32518649239219,-30,-22,2,-14,-14,1
cf071081,True,SumArray,A,False,True,0.6352941176470588,0.8705882352941177,0.03529411764705882,0.14814814814814814,0.25925925925925924,0.2222222222222222,0.25925925925925924,0.24074074074074073,61.7002968227472,-34,-31,2,-18,-18,1
1f8beed4,True,Vehicle,C,False,True,0.7785467128027682,0.9204152249134948,0.006920415224913495,0.07111111111111111,0.28888888888888886,0.29777777777777775,0.2222222222222222,0.18666666666666668,110.2151834889869,-199,-149,3,-204,-147,3
5f111f97,True,Vehicle,C,False,True,0.6091370558375635,0.7309644670050761,0.04568527918781726,0.10833333333333334,0.3416666666666667,0.31666666666666665,0.15,0.18333333333333332,100.98868319550988,-106,-82,3,-110,-110,1
e3829974,True,Vehicle,C,False,True,0.7476038338658147,0.9073482428115016,0.03514376996805112,0.13675213675213677,0.32905982905982906,0.33760683760683763,0.17094017094017094,0.1581196581196581,108.91726356951784,-242,-149,4,-246,-157,4
